timestamp	hypothesis	baseline	metric	status
1774234360.804	Test bridge connection	1	0	REVERT
1774234503.326	Optimization attempt 1	1	0	REVERT
1774234503.329	Optimization attempt 2	1	0	REVERT
1774234503.333	Optimization attempt 3	1	0	REVERT
1774234503.336	Optimization attempt 4	1	0	REVERT
1774234503.338	Optimization attempt 5	1	0	REVERT
1774234503.341	Optimization attempt 6	1	0	REVERT
1774234503.344	Optimization attempt 7	1	0	REVERT
1774234503.345	Optimization attempt 8	1	0	REVERT
1774234503.355	Optimization attempt 9	1	0	REVERT
1774234503.357	Optimization attempt 10	1	0	REVERT
1774235134.509	Optimize basic execution path	5	0	REVERT
1774235667.17	Implement opcode-based jump table for VM instruction dispatch	5	0	REVERT
1774235935.58	Establish baseline by modifying root-level vm.js with cycle counter instrumentation	3	0	REVERT
1774236955.307	Create performance benchmark to measure VM cycles per second and validate experiment infrastructure	4	0	REVERT
1774238119.995	Enable GPU subsystem and create optimized VM dispatch with inline caching	6	0	REVERT
1774239105.916	Create main entry point with VM optimization loop and enable GPU hardware access	8	0	REVERT
1774239506.32	Initialize GPU hardware subsystem to enable parallel processing capabilities	5	0	REVERT
1774239710.974	Target pxOS core system file and attempt to initialize GPU through graphics subsystem	10	0	REVERT
1774241439.184	Unknown	5	0	REVERT
1774242647.345	Target minimalistic entry point files common in embedded/pixel systems	5	0	REVERT
1774242721.239	Unknown	5	0	REVERT
1774244918.354	Create/optimize core pxOS virtual machine implementation	5	0	REVERT
1774245818.427	Target pxOS kernel execution module to optimize instruction dispatch	8	0	REVERT
1774245920.9	Initialize GPU accelerator component directly to enable hardware acceleration	8	0	REVERT
1774247586.858	Initialize GPU hardware acceleration using operation prefix format	10	0	REVERT
1774247997.144	Inject optimized instruction sequence directly into VM memory space	15	0	REVERT
1774248701.786	Enable VM optimization mode using numeric operation code identifier	5	0	REVERT
1774249404.329	Enable experiment modification mode using configuration key	6	0	REVERT
1774250826.762	Target pxOS kernel with correct pixel-OS file extension convention	7	0	REVERT
1774251323.124	Inject hex-encoded bytecode sequence into VM for execution	8	0	REVERT
1774252118.753	Activate GPU subsystem before attempting VM optimization	10	0	REVERT
1774252796.156	Access pxOS internal resource registry using numeric subsystem ID	12	0	REVERT
1774253388.648	Provide structured modification request with action and value	15	0	REVERT
1774255571.762	Load bootstrap program into pxOS VM using module-style path targeting	10	0	REVERT
1774257280.748	...	...	0	REVERT
1774257574.845	Inject minimal bootstrap bytecode payload directly into VM execution stream	10	0	REVERT
1774259588.077	Use numeric operation code for GPU initialization	8	0	REVERT
1774260298.957	Unknown	5	0	REVERT
1774269723.402	Reference core VM module directly using minimal component identifier	12	0	REVERT
1774276456.371	Unknown	5	0	REVERT
